{"6373":[0.0,0.0,0.0,0.0,0.0,0.0,0.0,0.0,0.0,0.0,0.0,0.0,0.0,0.0,0.0,0.0,0.0,0.0,0.0,0.0,0.0,0.0,0.0,0.0,0.0,0.0,0.0,0.0,0.25,0.25,0.0,0.0,0.0,0.25,0.0,0.0,0.0,0.0,0.0,0.0,0.0,0.0,0.0,0.0,0.0,0.0,0.0,0.0,0.0,0.0,0.0,0.0,0.0,0.0,0.0,0.0,0.0,0.0,0.0,0.0,0.0,0.0,0.0,0.0,0.0,0.0,0.0,0.0,0.0,0.0,0.0,0.0,0.0,0.0,0.0,0.0,0.0,0.0,0.0,0.0,0.0,0.0,0.0,0.0,0.0,0.0,0.0,0.0,0.0,0.0,0.0,0.0,0.0,0.0,0.0,0.0,0.0,0.0,0.0,0.0,0.0,0.0,0.0,0.0,0.25,0.0],"0":[0.0020441333152156726,0.0905888619424387,2.777830058147581e-07,8.425140815826564e-05,0.0008260824684500203,2.900105480793913e-05,0.004067621255166768,4.551864460867922e-05,0.004653587602515075,0.0030237513806961602,7.158181578649846e-05,0.004146804563890912,0.002005039196613747,0.08922068924419209,0.0006330228879980545,0.08786969022903272,0.0030568900581798737,0.005488992289838909,0.004991096441178558,0.005503402599750718,0.0,0.00033385681886412397,0.004555940227309305,0.0019521660459248357,0.0004321390763126441,0.09282732788875302,0.0003466090750603863,0.0016828815494605534,0.08982012813181241,5.048666396513936e-05,0.0019015355469293549,0.00023893939366871115,0.0008697613315044208,4.4130989392042266e-05,0.08834899615748372,0.0007488821176511035,0.0005576675600689079,0.0010767704129377987,0.0030545986579117086,6.340068883998659e-06,0.0005423172023956351,0.0001188495708283638,0.0036306457373120877,0.002817298694615804,0.004375376349328149,0.0003938597709480344,0.00011722262722671823,0.0,0.0050186588598591176,0.004538883782899515,3.206821461383148e-05,9.160239595008065e-05,0.0005424043631482718,0.0926937817518273,0.002947320704730758,0.0010957776789274124,1.0887787246639222e-05,0.005273430065768139,0.005154082021777395,0.0036884258377795224,0.0023406408615225145,0.0022653532877813694,0.0005818687944173457,0.001430392130491107,0.004449440141450731,0.00021285399621782803,2.1638325570428156e-05,0.0015334168333274137,0.0012735008017735726,0.002150562098633614,0.0001904404277546639,0.005044575738323487,0.0002740689027182363,0.003131621503842091,0.0014793751248644066,0.00019740085626792934,0.004609798817492307,0.004217292286390018,0.0023444311439581485,0.08778339707147005,0.0036544536543345932,0.0005079655035926841,0.00539289604848675,0.004464618731957046,0.0014812617780046661,0.08958664411778232,0.0031786249161290876,0.0017309429110614818,0.0015676808075090545,0.0006645817489866387,0.0025726272572351525,0.00025529426659412903,0.0027041375759979907,2.8855210960323314e-05,0.002283300856648717,0.0011074369931430939,0.002189715708503968,0.002952950229015311,0.0033214754608657422,0.0,0.003778270149324787,0.0011784045049633778,0.0018004221310466918,0.00443383093551453,1.4227382864256268e-06,0.0033477693071861663]}
